{
  "generation_date": "2025-10-20 19:36:12",
  "source_samples": 10000,
  "total_variants": 130000,
  "encoding_types": [
    "URL_full",
    "URL_quotes",
    "URL_keywords",
    "URL_selective",
    "Hex_full",
    "Hex_keywords",
    "Hex_mixed",
    "Unicode_full",
    "Unicode_quotes",
    "Base64_full",
    "Base64_partial",
    "Octal_full",
    "Octal_quotes"
  ],
  "failed_reversibility": 0,
  "statistics": {
    "count": {
      "Base64_full": 10000,
      "Base64_partial": 10000,
      "Hex_full": 10000,
      "Hex_keywords": 10000,
      "Hex_mixed": 10000,
      "Octal_full": 10000,
      "Octal_quotes": 10000,
      "URL_full": 10000,
      "URL_keywords": 10000,
      "URL_quotes": 10000,
      "URL_selective": 10000,
      "Unicode_full": 10000,
      "Unicode_quotes": 10000
    },
    "expansion_ratio": {
      "Base64_full": 1.3434418090850933,
      "Base64_partial": 1.0403960735116338,
      "Hex_full": 2.0148777987682442,
      "Hex_keywords": 1.0964074362094363,
      "Hex_mixed": 1.6043760033730616,
      "Octal_full": 4.0,
      "Octal_quotes": 1.0340366856487668,
      "URL_full": 1.5605026797296635,
      "URL_keywords": 1.0,
      "URL_quotes": 1.0226911237658445,
      "URL_selective": 1.0535536787084323,
      "Unicode_full": 6.0,
      "Unicode_quotes": 1.0567278094146113
    },
    "length_encoded": {
      "Base64_full": 545.4588,
      "Base64_partial": 432.826,
      "Hex_full": 818.1984,
      "Hex_keywords": 430.5097,
      "Hex_mixed": 663.3877,
      "Octal_full": 1632.1688,
      "Octal_quotes": 415.2824,
      "URL_full": 597.2642,
      "URL_keywords": 408.0422,
      "URL_quotes": 412.869,
      "URL_selective": 425.1028,
      "Unicode_full": 2448.2532,
      "Unicode_quotes": 420.1092
    }
  }
}